participant_ID,condition,encoding_voice,n_total,n_hits,hit_rate,fa_rate,corr_score,mean_rt,wr_yes,wr_no
232,HH,Active,6,6,1.0,0.15625,0.84375,896.0,3,3
232,HH,Passive,6,6,1.0,0.15625,0.84375,1064.1666666666667,3,3
232,HL,Active,6,6,1.0,0.15625,0.84375,855.6666666666666,2,4
232,HL,Passive,6,6,1.0,0.15625,0.84375,981.0,4,2
232,LH,Active,6,6,1.0,0.15625,0.84375,868.6666666666666,4,2
232,LH,Passive,6,5,0.8333333333333334,0.15625,0.6770833333333334,896.4,1,4
232,LL,Active,6,6,1.0,0.15625,0.84375,901.6666666666666,3,3
232,LL,Passive,6,6,1.0,0.15625,0.84375,973.0,5,1
235,HH,Active,6,5,0.8333333333333334,0.22916666666666666,0.6041666666666667,1669.8,3,2
235,HH,Passive,6,6,1.0,0.22916666666666666,0.7708333333333334,1875.8333333333333,3,3
235,HL,Active,6,4,0.6666666666666666,0.22916666666666666,0.4375,1298.75,3,1
235,HL,Passive,6,6,1.0,0.22916666666666666,0.7708333333333334,1174.6666666666667,4,2
235,LH,Active,6,4,0.6666666666666666,0.22916666666666666,0.4375,1293.75,3,1
235,LH,Passive,6,4,0.6666666666666666,0.22916666666666666,0.4375,1633.25,1,3
235,LL,Active,6,5,0.8333333333333334,0.22916666666666666,0.6041666666666667,1839.2,3,2
235,LL,Passive,6,2,0.3333333333333333,0.22916666666666666,0.10416666666666666,1321.0,0,2
236,HH,Active,6,6,1.0,0.15625,0.84375,2065.3333333333335,6,0
236,HH,Passive,6,6,1.0,0.15625,0.84375,1368.6666666666667,5,1
236,HL,Active,6,5,0.8333333333333334,0.15625,0.6770833333333334,1424.8,4,1
236,HL,Passive,6,6,1.0,0.15625,0.84375,1688.0,5,1
236,LH,Active,6,5,0.8333333333333334,0.15625,0.6770833333333334,1680.8,4,1
236,LH,Passive,6,6,1.0,0.15625,0.84375,1965.8333333333333,5,1
236,LL,Active,6,6,1.0,0.15625,0.84375,2142.1666666666665,3,3
236,LL,Passive,6,6,1.0,0.15625,0.84375,2038.5,2,4
241,HH,Active,6,5,0.8333333333333334,0.21875,0.6145833333333334,2037.4,3,2
241,HH,Passive,6,6,1.0,0.21875,0.78125,2115.8333333333335,5,1
241,HL,Active,6,5,0.8333333333333334,0.21875,0.6145833333333334,1574.6,2,3
241,HL,Passive,6,6,1.0,0.21875,0.78125,1651.0,4,2
241,LH,Active,6,4,0.6666666666666666,0.21875,0.44791666666666663,1963.0,3,1
241,LH,Passive,6,6,1.0,0.21875,0.78125,1698.3333333333333,4,2
241,LL,Active,6,5,0.8333333333333334,0.21875,0.6145833333333334,1811.0,4,1
241,LL,Passive,6,6,1.0,0.21875,0.78125,1624.3333333333333,5,1
242,HH,Active,6,6,1.0,0.020833333333333332,0.9791666666666666,1891.6666666666667,3,3
242,HH,Passive,6,5,0.8333333333333334,0.020833333333333332,0.8125,1969.8,2,3
242,HL,Active,6,5,0.8333333333333334,0.020833333333333332,0.8125,1512.0,2,3
242,HL,Passive,6,6,1.0,0.020833333333333332,0.9791666666666666,1635.5,2,4
242,LH,Active,6,6,1.0,0.020833333333333332,0.9791666666666666,1578.1666666666667,3,3
242,LH,Passive,6,5,0.8333333333333334,0.020833333333333332,0.8125,1667.8,4,1
242,LL,Active,6,3,0.5,0.020833333333333332,0.4791666666666667,1366.3333333333333,2,1
242,LL,Passive,6,4,0.6666666666666666,0.020833333333333332,0.6458333333333333,2136.5,2,2
243,HH,Active,6,6,1.0,0.07291666666666667,0.9270833333333334,1846.1666666666667,3,3
243,HH,Passive,6,6,1.0,0.07291666666666667,0.9270833333333334,2425.1666666666665,3,3
243,HL,Active,6,6,1.0,0.07291666666666667,0.9270833333333334,2357.8333333333335,3,3
243,HL,Passive,6,6,1.0,0.07291666666666667,0.9270833333333334,2501.6666666666665,2,4
243,LH,Active,6,5,0.8333333333333334,0.07291666666666667,0.7604166666666667,2005.8,2,3
243,LH,Passive,6,6,1.0,0.07291666666666667,0.9270833333333334,2095.6666666666665,3,3
243,LL,Active,6,5,0.8333333333333334,0.07291666666666667,0.7604166666666667,2073.2,3,2
243,LL,Passive,6,6,1.0,0.07291666666666667,0.9270833333333334,2333.5,3,3
245,HH,Active,6,2,0.3333333333333333,0.1875,0.14583333333333331,1252.5,2,0
245,HH,Passive,6,2,0.3333333333333333,0.1875,0.14583333333333331,1634.5,1,1
245,HL,Active,6,4,0.6666666666666666,0.1875,0.47916666666666663,1428.75,3,1
245,HL,Passive,6,2,0.3333333333333333,0.1875,0.14583333333333331,2882.5,2,0
245,LH,Active,6,3,0.5,0.1875,0.3125,1448.6666666666667,2,1
245,LH,Passive,6,1,0.16666666666666666,0.1875,-0.020833333333333343,1415.0,1,0
245,LL,Active,6,1,0.16666666666666666,0.1875,-0.020833333333333343,1979.0,1,0
245,LL,Passive,6,3,0.5,0.1875,0.3125,1821.6666666666667,2,1
246,HH,Active,6,3,0.5,0.0625,0.4375,1949.0,3,0
246,HH,Passive,6,3,0.5,0.0625,0.4375,1582.6666666666667,3,0
246,HL,Active,6,3,0.5,0.0625,0.4375,1971.0,3,0
246,HL,Passive,6,3,0.5,0.0625,0.4375,2017.3333333333333,3,0
246,LH,Active,6,3,0.5,0.0625,0.4375,1911.3333333333333,3,0
246,LH,Passive,6,2,0.3333333333333333,0.0625,0.2708333333333333,1798.5,2,0
246,LL,Active,6,3,0.5,0.0625,0.4375,1317.3333333333333,2,1
246,LL,Passive,6,3,0.5,0.0625,0.4375,1913.3333333333333,3,0
247,HH,Active,6,5,0.8333333333333334,0.041666666666666664,0.7916666666666667,1859.6,3,2
247,HH,Passive,6,6,1.0,0.041666666666666664,0.9583333333333334,1807.0,3,3
247,HL,Active,6,5,0.8333333333333334,0.041666666666666664,0.7916666666666667,1637.4,3,2
247,HL,Passive,6,4,0.6666666666666666,0.041666666666666664,0.625,1830.25,2,2
247,LH,Active,6,6,1.0,0.041666666666666664,0.9583333333333334,1817.8333333333333,2,4
247,LH,Passive,6,6,1.0,0.041666666666666664,0.9583333333333334,1711.3333333333333,2,4
247,LL,Active,6,5,0.8333333333333334,0.041666666666666664,0.7916666666666667,1987.8,3,2
247,LL,Passive,6,5,0.8333333333333334,0.041666666666666664,0.7916666666666667,2019.0,3,2
249,HH,Active,6,6,1.0,0.23958333333333334,0.7604166666666666,1543.0,3,3
249,HH,Passive,6,3,0.5,0.23958333333333334,0.26041666666666663,1754.3333333333333,1,2
249,HL,Active,6,3,0.5,0.23958333333333334,0.26041666666666663,1333.6666666666667,2,1
249,HL,Passive,6,6,1.0,0.23958333333333334,0.7604166666666666,1496.3333333333333,4,2
249,LH,Active,6,5,0.8333333333333334,0.23958333333333334,0.59375,1209.0,2,3
249,LH,Passive,6,5,0.8333333333333334,0.23958333333333334,0.59375,1636.4,1,4
249,LL,Active,6,4,0.6666666666666666,0.23958333333333334,0.42708333333333326,1505.5,2,2
249,LL,Passive,6,3,0.5,0.23958333333333334,0.26041666666666663,1359.0,1,2
251,HH,Active,6,6,1.0,0.4270833333333333,0.5729166666666667,2368.6666666666665,3,3
251,HH,Passive,6,6,1.0,0.4270833333333333,0.5729166666666667,2149.5,4,2
251,HL,Active,6,6,1.0,0.4270833333333333,0.5729166666666667,1885.5,3,3
251,HL,Passive,6,6,1.0,0.4270833333333333,0.5729166666666667,1653.5,4,2
251,LH,Active,6,6,1.0,0.4270833333333333,0.5729166666666667,1775.0,5,1
251,LH,Passive,6,5,0.8333333333333334,0.4270833333333333,0.40625000000000006,2068.8,3,2
251,LL,Active,6,6,1.0,0.4270833333333333,0.5729166666666667,2061.0,3,3
251,LL,Passive,6,6,1.0,0.4270833333333333,0.5729166666666667,1905.8333333333333,4,2
252,HH,Active,6,6,1.0,0.10416666666666667,0.8958333333333334,1207.1666666666667,3,3
252,HH,Passive,6,6,1.0,0.10416666666666667,0.8958333333333334,1051.8333333333333,3,3
252,HL,Active,6,5,0.8333333333333334,0.10416666666666667,0.7291666666666667,1204.2,2,3
252,HL,Passive,6,6,1.0,0.10416666666666667,0.8958333333333334,1486.6666666666667,4,2
252,LH,Active,6,6,1.0,0.10416666666666667,0.8958333333333334,1262.1666666666667,3,3
252,LH,Passive,6,6,1.0,0.10416666666666667,0.8958333333333334,1471.1666666666667,1,5
252,LL,Active,6,6,1.0,0.10416666666666667,0.8958333333333334,1549.3333333333333,1,5
252,LL,Passive,6,4,0.6666666666666666,0.10416666666666667,0.5625,1566.75,2,2
253,HH,Active,6,6,1.0,0.125,0.875,2165.6666666666665,3,3
253,HH,Passive,6,6,1.0,0.125,0.875,1579.3333333333333,3,3
253,HL,Active,6,6,1.0,0.125,0.875,1229.3333333333333,2,4
253,HL,Passive,6,6,1.0,0.125,0.875,1450.8333333333333,4,2
253,LH,Active,6,6,1.0,0.125,0.875,2170.8333333333335,2,4
253,LH,Passive,6,6,1.0,0.125,0.875,1365.8333333333333,3,3
253,LL,Active,6,6,1.0,0.125,0.875,1578.1666666666667,3,3
253,LL,Passive,6,6,1.0,0.125,0.875,1704.3333333333333,4,2
254,HH,Active,6,2,0.3333333333333333,0.3125,0.020833333333333315,2145.5,0,2
254,HH,Passive,6,5,0.8333333333333334,0.3125,0.5208333333333334,1882.0,3,2
254,HL,Active,6,6,1.0,0.3125,0.6875,2098.6666666666665,4,2
254,HL,Passive,6,5,0.8333333333333334,0.3125,0.5208333333333334,2388.4,2,3
254,LH,Active,6,4,0.6666666666666666,0.3125,0.35416666666666663,2129.0,2,2
254,LH,Passive,6,5,0.8333333333333334,0.3125,0.5208333333333334,2085.6,3,2
254,LL,Active,6,5,0.8333333333333334,0.3125,0.5208333333333334,2048.4,2,3
254,LL,Passive,6,5,0.8333333333333334,0.3125,0.5208333333333334,2355.0,3,2
256,HH,Active,6,6,1.0,0.1875,0.8125,1693.0,2,4
256,HH,Passive,6,6,1.0,0.1875,0.8125,2259.6666666666665,4,2
256,HL,Active,6,6,1.0,0.1875,0.8125,2364.0,2,4
256,HL,Passive,6,6,1.0,0.1875,0.8125,2813.1666666666665,3,3
256,LH,Active,6,6,1.0,0.1875,0.8125,2225.6666666666665,1,5
256,LH,Passive,6,6,1.0,0.1875,0.8125,2006.1666666666667,2,4
256,LL,Active,6,5,0.8333333333333334,0.1875,0.6458333333333334,2447.6,3,2
256,LL,Passive,6,4,0.6666666666666666,0.1875,0.47916666666666663,2142.0,2,2
257,HH,Active,6,3,0.5,0.14583333333333334,0.35416666666666663,1844.0,2,1
257,HH,Passive,6,3,0.5,0.14583333333333334,0.35416666666666663,2117.0,3,0
257,HL,Active,6,3,0.5,0.14583333333333334,0.35416666666666663,1688.3333333333333,3,0
257,HL,Passive,6,2,0.3333333333333333,0.14583333333333334,0.18749999999999997,1950.5,2,0
257,LH,Active,6,4,0.6666666666666666,0.14583333333333334,0.5208333333333333,1898.75,4,0
257,LH,Passive,6,2,0.3333333333333333,0.14583333333333334,0.18749999999999997,1915.0,2,0
257,LL,Active,6,6,1.0,0.14583333333333334,0.8541666666666666,2255.6666666666665,6,0
257,LL,Passive,6,4,0.6666666666666666,0.14583333333333334,0.5208333333333333,2615.75,4,0
258,HH,Active,6,5,0.8333333333333334,0.07291666666666667,0.7604166666666667,2307.2,4,1
258,HH,Passive,6,5,0.8333333333333334,0.07291666666666667,0.7604166666666667,1764.4,3,2
258,HL,Active,6,5,0.8333333333333334,0.07291666666666667,0.7604166666666667,2262.4,3,2
258,HL,Passive,6,6,1.0,0.07291666666666667,0.9270833333333334,1937.6666666666667,5,1
258,LH,Active,6,4,0.6666666666666666,0.07291666666666667,0.59375,2656.0,1,3
258,LH,Passive,6,5,0.8333333333333334,0.07291666666666667,0.7604166666666667,2338.0,2,3
258,LL,Active,6,5,0.8333333333333334,0.07291666666666667,0.7604166666666667,2015.2,3,2
258,LL,Passive,6,6,1.0,0.07291666666666667,0.9270833333333334,2341.1666666666665,2,4
259,HH,Active,6,5,0.8333333333333334,0.2916666666666667,0.5416666666666667,1814.6,2,3
259,HH,Passive,6,4,0.6666666666666666,0.2916666666666667,0.37499999999999994,2107.75,2,2
259,HL,Active,6,5,0.8333333333333334,0.2916666666666667,0.5416666666666667,1941.4,3,2
259,HL,Passive,6,5,0.8333333333333334,0.2916666666666667,0.5416666666666667,1476.6,5,0
259,LH,Active,6,5,0.8333333333333334,0.2916666666666667,0.5416666666666667,1439.8,4,1
259,LH,Passive,6,4,0.6666666666666666,0.2916666666666667,0.37499999999999994,2046.0,0,4
259,LL,Active,6,5,0.8333333333333334,0.2916666666666667,0.5416666666666667,1838.2,3,2
259,LL,Passive,6,5,0.8333333333333334,0.2916666666666667,0.5416666666666667,1696.0,0,5
260,HH,Active,6,4,0.6666666666666666,0.07291666666666667,0.59375,2156.75,1,3
260,HH,Passive,6,5,0.8333333333333334,0.07291666666666667,0.7604166666666667,2068.6,4,1
260,HL,Active,6,5,0.8333333333333334,0.07291666666666667,0.7604166666666667,1638.6,4,1
260,HL,Passive,6,6,1.0,0.07291666666666667,0.9270833333333334,1663.0,5,1
260,LH,Active,6,5,0.8333333333333334,0.07291666666666667,0.7604166666666667,1766.8,3,2
260,LH,Passive,6,5,0.8333333333333334,0.07291666666666667,0.7604166666666667,1635.2,2,3
260,LL,Active,6,5,0.8333333333333334,0.07291666666666667,0.7604166666666667,2296.0,1,4
260,LL,Passive,6,4,0.6666666666666666,0.07291666666666667,0.59375,2044.0,2,2
261,HH,Active,6,6,1.0,0.2604166666666667,0.7395833333333333,1132.5,3,3
261,HH,Passive,6,6,1.0,0.2604166666666667,0.7395833333333333,1381.5,4,2
261,HL,Active,6,6,1.0,0.2604166666666667,0.7395833333333333,1429.3333333333333,4,2
261,HL,Passive,6,6,1.0,0.2604166666666667,0.7395833333333333,1697.3333333333333,2,4
261,LH,Active,6,6,1.0,0.2604166666666667,0.7395833333333333,1215.5,3,3
261,LH,Passive,6,6,1.0,0.2604166666666667,0.7395833333333333,1484.1666666666667,3,3
261,LL,Active,6,6,1.0,0.2604166666666667,0.7395833333333333,1427.8333333333333,3,3
261,LL,Passive,6,6,1.0,0.2604166666666667,0.7395833333333333,1563.6666666666667,4,2
262,HH,Active,6,6,1.0,0.0625,0.9375,1992.8333333333333,2,4
262,HH,Passive,6,6,1.0,0.0625,0.9375,2184.1666666666665,4,2
262,HL,Active,6,3,0.5,0.0625,0.4375,2269.0,3,0
262,HL,Passive,6,5,0.8333333333333334,0.0625,0.7708333333333334,2451.0,2,3
262,LH,Active,6,6,1.0,0.0625,0.9375,1743.6666666666667,4,2
262,LH,Passive,6,6,1.0,0.0625,0.9375,1897.1666666666667,4,2
262,LL,Active,6,2,0.3333333333333333,0.0625,0.2708333333333333,1545.5,2,0
262,LL,Passive,6,5,0.8333333333333334,0.0625,0.7708333333333334,2621.2,2,3
263,HH,Active,6,5,0.8333333333333334,0.17708333333333334,0.65625,2173.2,4,1
263,HH,Passive,6,5,0.8333333333333334,0.17708333333333334,0.65625,1790.8,5,0
263,HL,Active,6,3,0.5,0.17708333333333334,0.32291666666666663,1892.0,1,2
263,HL,Passive,6,3,0.5,0.17708333333333334,0.32291666666666663,2192.0,2,1
263,LH,Active,6,4,0.6666666666666666,0.17708333333333334,0.48958333333333326,1569.0,3,1
263,LH,Passive,6,4,0.6666666666666666,0.17708333333333334,0.48958333333333326,1488.0,3,1
263,LL,Active,6,4,0.6666666666666666,0.17708333333333334,0.48958333333333326,1443.0,3,1
263,LL,Passive,6,6,1.0,0.17708333333333334,0.8229166666666666,1740.8333333333333,6,0
264,HH,Active,6,6,1.0,0.125,0.875,1457.6666666666667,4,2
264,HH,Passive,6,5,0.8333333333333334,0.125,0.7083333333333334,1179.2,3,2
264,HL,Active,6,6,1.0,0.125,0.875,1126.8333333333333,4,2
264,HL,Passive,6,6,1.0,0.125,0.875,1298.6666666666667,4,2
264,LH,Active,6,6,1.0,0.125,0.875,1259.5,4,2
264,LH,Passive,6,6,1.0,0.125,0.875,1105.0,3,3
264,LL,Active,6,5,0.8333333333333334,0.125,0.7083333333333334,1203.4,4,1
264,LL,Passive,6,5,0.8333333333333334,0.125,0.7083333333333334,1075.2,4,1
266,HH,Active,6,5,0.8333333333333334,0.125,0.7083333333333334,1134.2,3,2
266,HH,Passive,6,5,0.8333333333333334,0.125,0.7083333333333334,1907.2,2,3
266,HL,Active,6,5,0.8333333333333334,0.125,0.7083333333333334,2108.6,3,2
266,HL,Passive,6,6,1.0,0.125,0.875,1198.1666666666667,4,2
266,LH,Active,6,4,0.6666666666666666,0.125,0.5416666666666666,1089.75,4,0
266,LH,Passive,6,6,1.0,0.125,0.875,1285.0,2,4
266,LL,Active,6,5,0.8333333333333334,0.125,0.7083333333333334,1428.0,4,1
266,LL,Passive,6,6,1.0,0.125,0.875,1507.0,2,4
267,HH,Active,6,6,1.0,0.20833333333333334,0.7916666666666666,1471.1666666666667,0,6
267,HH,Passive,6,6,1.0,0.20833333333333334,0.7916666666666666,2034.6666666666667,3,3
267,HL,Active,6,6,1.0,0.20833333333333334,0.7916666666666666,1722.5,4,2
267,HL,Passive,6,5,0.8333333333333334,0.20833333333333334,0.625,1449.4,1,4
267,LH,Active,6,5,0.8333333333333334,0.20833333333333334,0.625,1669.6,4,1
267,LH,Passive,6,6,1.0,0.20833333333333334,0.7916666666666666,1618.3333333333333,1,5
267,LL,Active,6,6,1.0,0.20833333333333334,0.7916666666666666,1890.0,4,2
267,LL,Passive,6,6,1.0,0.20833333333333334,0.7916666666666666,1667.0,4,2
269,HH,Active,6,6,1.0,0.03125,0.96875,1215.3333333333333,4,2
269,HH,Passive,6,6,1.0,0.03125,0.96875,1367.1666666666667,3,3
269,HL,Active,6,4,0.6666666666666666,0.03125,0.6354166666666666,1367.0,1,3
269,HL,Passive,6,6,1.0,0.03125,0.96875,1339.1666666666667,4,2
269,LH,Active,6,6,1.0,0.03125,0.96875,1236.6666666666667,3,3
269,LH,Passive,6,3,0.5,0.03125,0.46875,1353.3333333333333,3,0
269,LL,Active,6,4,0.6666666666666666,0.03125,0.6354166666666666,2369.5,1,3
269,LL,Passive,6,6,1.0,0.03125,0.96875,1258.3333333333333,3,3
270,HH,Active,6,1,0.16666666666666666,0.010416666666666666,0.15625,1874.0,1,0
270,HH,Passive,6,4,0.6666666666666666,0.010416666666666666,0.65625,1657.25,3,1
270,HL,Active,6,5,0.8333333333333334,0.010416666666666666,0.8229166666666667,2313.0,4,1
270,HL,Passive,6,4,0.6666666666666666,0.010416666666666666,0.65625,1855.75,3,1
270,LH,Active,6,5,0.8333333333333334,0.010416666666666666,0.8229166666666667,1744.6,3,2
270,LH,Passive,6,5,0.8333333333333334,0.010416666666666666,0.8229166666666667,1798.4,3,2
270,LL,Active,6,4,0.6666666666666666,0.010416666666666666,0.65625,1958.5,3,1
270,LL,Passive,6,6,1.0,0.010416666666666666,0.9895833333333334,1967.6666666666667,3,3
271,HH,Active,6,6,1.0,0.6145833333333334,0.38541666666666663,1867.5,5,1
271,HH,Passive,6,6,1.0,0.6145833333333334,0.38541666666666663,2094.5,4,2
271,HL,Active,6,6,1.0,0.6145833333333334,0.38541666666666663,1728.8333333333333,5,1
271,HL,Passive,6,6,1.0,0.6145833333333334,0.38541666666666663,1875.3333333333333,4,2
271,LH,Active,6,6,1.0,0.6145833333333334,0.38541666666666663,1869.1666666666667,2,4
271,LH,Passive,6,6,1.0,0.6145833333333334,0.38541666666666663,2083.1666666666665,4,2
271,LL,Active,6,6,1.0,0.6145833333333334,0.38541666666666663,1779.3333333333333,4,2
271,LL,Passive,6,6,1.0,0.6145833333333334,0.38541666666666663,1847.1666666666667,4,2
273,HH,Active,6,3,0.5,0.0625,0.4375,1167.6666666666667,2,1
273,HH,Passive,6,3,0.5,0.0625,0.4375,1793.0,2,1
273,HL,Active,6,4,0.6666666666666666,0.0625,0.6041666666666666,1096.75,3,1
273,HL,Passive,6,5,0.8333333333333334,0.0625,0.7708333333333334,2118.6,5,0
273,LH,Active,6,4,0.6666666666666666,0.0625,0.6041666666666666,1974.0,3,1
273,LH,Passive,6,3,0.5,0.0625,0.4375,2618.3333333333335,3,0
273,LL,Active,6,4,0.6666666666666666,0.0625,0.6041666666666666,1524.0,3,1
273,LL,Passive,6,3,0.5,0.0625,0.4375,1866.6666666666667,3,0
276,HH,Active,6,4,0.6666666666666666,0.125,0.5416666666666666,1495.0,4,0
276,HH,Passive,6,5,0.8333333333333334,0.125,0.7083333333333334,2720.4,1,4
276,HL,Active,6,3,0.5,0.125,0.375,1665.0,2,1
276,HL,Passive,6,4,0.6666666666666666,0.125,0.5416666666666666,2433.25,2,2
276,LH,Active,6,5,0.8333333333333334,0.125,0.7083333333333334,1877.6,1,4
276,LH,Passive,6,6,1.0,0.125,0.875,2093.6666666666665,3,3
276,LL,Active,6,5,0.8333333333333334,0.125,0.7083333333333334,2001.4,4,1
276,LL,Passive,6,3,0.5,0.125,0.375,2377.3333333333335,1,2
277,HH,Active,6,6,1.0,0.21875,0.78125,1508.1666666666667,4,2
277,HH,Passive,6,6,1.0,0.21875,0.78125,1855.0,4,2
277,HL,Active,6,5,0.8333333333333334,0.21875,0.6145833333333334,1150.8,4,1
277,HL,Passive,6,6,1.0,0.21875,0.78125,1411.6666666666667,4,2
277,LH,Active,6,6,1.0,0.21875,0.78125,1499.0,4,2
277,LH,Passive,6,6,1.0,0.21875,0.78125,1932.5,4,2
277,LL,Active,6,6,1.0,0.21875,0.78125,1584.1666666666667,4,2
277,LL,Passive,6,6,1.0,0.21875,0.78125,1733.3333333333333,4,2
279,HH,Active,6,6,1.0,0.10416666666666667,0.8958333333333334,1722.6666666666667,3,3
279,HH,Passive,6,6,1.0,0.10416666666666667,0.8958333333333334,2235.3333333333335,3,3
279,HL,Active,6,6,1.0,0.10416666666666667,0.8958333333333334,1622.5,4,2
279,HL,Passive,6,6,1.0,0.10416666666666667,0.8958333333333334,2066.6666666666665,3,3
279,LH,Active,6,5,0.8333333333333334,0.10416666666666667,0.7291666666666667,1841.8,4,1
279,LH,Passive,6,6,1.0,0.10416666666666667,0.8958333333333334,2219.0,4,2
279,LL,Active,6,6,1.0,0.10416666666666667,0.8958333333333334,1819.5,5,1
279,LL,Passive,6,4,0.6666666666666666,0.10416666666666667,0.5625,2286.0,2,2
280,HH,Active,6,6,1.0,0.08333333333333333,0.9166666666666666,1790.1666666666667,3,3
280,HH,Passive,6,6,1.0,0.08333333333333333,0.9166666666666666,1641.6666666666667,3,3
280,HL,Active,6,6,1.0,0.08333333333333333,0.9166666666666666,1632.0,3,3
280,HL,Passive,6,6,1.0,0.08333333333333333,0.9166666666666666,2036.1666666666667,4,2
280,LH,Active,6,6,1.0,0.08333333333333333,0.9166666666666666,1553.8333333333333,2,4
280,LH,Passive,6,6,1.0,0.08333333333333333,0.9166666666666666,1454.5,3,3
280,LL,Active,6,5,0.8333333333333334,0.08333333333333333,0.75,1504.4,3,2
280,LL,Passive,6,6,1.0,0.08333333333333333,0.9166666666666666,1676.6666666666667,4,2
281,HH,Active,6,4,0.6666666666666666,0.3854166666666667,0.28124999999999994,1435.75,4,0
281,HH,Passive,6,5,0.8333333333333334,0.3854166666666667,0.4479166666666667,2038.2,3,2
281,HL,Active,6,6,1.0,0.3854166666666667,0.6145833333333333,1553.1666666666667,2,4
281,HL,Passive,6,5,0.8333333333333334,0.3854166666666667,0.4479166666666667,1508.2,1,4
281,LH,Active,6,5,0.8333333333333334,0.3854166666666667,0.4479166666666667,1628.6,4,1
281,LH,Passive,6,3,0.5,0.3854166666666667,0.11458333333333331,1531.0,1,2
281,LL,Active,6,6,1.0,0.3854166666666667,0.6145833333333333,1815.0,1,5
281,LL,Passive,6,6,1.0,0.3854166666666667,0.6145833333333333,1646.1666666666667,4,2
282,HH,Active,6,6,1.0,0.25,0.75,1446.3333333333333,5,1
282,HH,Passive,6,6,1.0,0.25,0.75,2048.5,3,3
282,HL,Active,6,6,1.0,0.25,0.75,1498.1666666666667,5,1
282,HL,Passive,6,5,0.8333333333333334,0.25,0.5833333333333334,1917.4,2,3
282,LH,Active,6,5,0.8333333333333334,0.25,0.5833333333333334,1498.8,5,0
282,LH,Passive,6,6,1.0,0.25,0.75,1593.1666666666667,5,1
282,LL,Active,6,4,0.6666666666666666,0.25,0.41666666666666663,1378.0,4,0
282,LL,Passive,6,6,1.0,0.25,0.75,1743.8333333333333,4,2
283,HH,Active,6,4,0.6666666666666666,0.0625,0.6041666666666666,1675.75,4,0
283,HH,Passive,6,3,0.5,0.0625,0.4375,1779.0,2,1
283,HL,Active,6,3,0.5,0.0625,0.4375,1928.6666666666667,1,2
283,HL,Passive,6,3,0.5,0.0625,0.4375,1852.3333333333333,2,1
283,LH,Active,6,4,0.6666666666666666,0.0625,0.6041666666666666,1863.75,3,1
283,LH,Passive,6,3,0.5,0.0625,0.4375,2123.0,3,0
283,LL,Active,6,3,0.5,0.0625,0.4375,1926.0,3,0
283,LL,Passive,6,3,0.5,0.0625,0.4375,1375.0,2,1
285,HH,Active,6,5,0.8333333333333334,0.0625,0.7708333333333334,1313.2,3,2
285,HH,Passive,6,6,1.0,0.0625,0.9375,1494.8333333333333,4,2
285,HL,Active,6,6,1.0,0.0625,0.9375,1326.6666666666667,2,4
285,HL,Passive,6,6,1.0,0.0625,0.9375,1704.3333333333333,2,4
285,LH,Active,6,6,1.0,0.0625,0.9375,1203.0,4,2
285,LH,Passive,6,6,1.0,0.0625,0.9375,1393.5,3,3
285,LL,Active,6,6,1.0,0.0625,0.9375,1427.1666666666667,2,4
285,LL,Passive,6,5,0.8333333333333334,0.0625,0.7708333333333334,1311.0,3,2
286,HH,Active,6,3,0.5,0.125,0.375,1798.3333333333333,1,2
286,HH,Passive,6,3,0.5,0.125,0.375,1716.6666666666667,3,0
286,HL,Active,6,5,0.8333333333333334,0.125,0.7083333333333334,1966.2,2,3
286,HL,Passive,6,2,0.3333333333333333,0.125,0.20833333333333331,1583.0,1,1
286,LH,Active,6,5,0.8333333333333334,0.125,0.7083333333333334,1281.4,3,2
286,LH,Passive,6,3,0.5,0.125,0.375,1462.0,2,1
286,LL,Active,6,3,0.5,0.125,0.375,1694.3333333333333,0,3
286,LL,Passive,6,4,0.6666666666666666,0.125,0.5416666666666666,2105.75,2,2
289,HH,Active,6,3,0.5,0.09375,0.40625,2097.0,1,2
289,HH,Passive,6,5,0.8333333333333334,0.09375,0.7395833333333334,2096.8,3,2
289,HL,Active,6,6,1.0,0.09375,0.90625,1592.8333333333333,6,0
289,HL,Passive,6,4,0.6666666666666666,0.09375,0.5729166666666666,1851.5,2,2
289,LH,Active,6,6,1.0,0.09375,0.90625,2099.5,4,2
289,LH,Passive,6,6,1.0,0.09375,0.90625,1977.8333333333333,3,3
289,LL,Active,6,6,1.0,0.09375,0.90625,1979.0,2,4
289,LL,Passive,6,5,0.8333333333333334,0.09375,0.7395833333333334,2145.6,2,3
290,HH,Active,6,6,1.0,0.09375,0.90625,1657.8333333333333,4,2
290,HH,Passive,6,6,1.0,0.09375,0.90625,1746.0,3,3
290,HL,Active,6,6,1.0,0.09375,0.90625,1360.1666666666667,4,2
290,HL,Passive,6,5,0.8333333333333334,0.09375,0.7395833333333334,1374.0,5,0
290,LH,Active,6,4,0.6666666666666666,0.09375,0.5729166666666666,1463.0,3,1
290,LH,Passive,6,6,1.0,0.09375,0.90625,2618.3333333333335,3,3
290,LL,Active,6,6,1.0,0.09375,0.90625,2291.1666666666665,3,3
290,LL,Passive,6,6,1.0,0.09375,0.90625,1667.8333333333333,3,3
292,HH,Active,6,5,0.8333333333333334,0.3958333333333333,0.43750000000000006,1266.0,3,2
292,HH,Passive,6,6,1.0,0.3958333333333333,0.6041666666666667,1223.8333333333333,3,3
292,HL,Active,6,6,1.0,0.3958333333333333,0.6041666666666667,1024.3333333333333,2,4
292,HL,Passive,6,5,0.8333333333333334,0.3958333333333333,0.43750000000000006,1221.2,3,2
292,LH,Active,6,6,1.0,0.3958333333333333,0.6041666666666667,958.8333333333334,4,2
292,LH,Passive,6,6,1.0,0.3958333333333333,0.6041666666666667,1163.8333333333333,2,4
292,LL,Active,6,4,0.6666666666666666,0.3958333333333333,0.2708333333333333,1457.75,1,3
292,LL,Passive,6,6,1.0,0.3958333333333333,0.6041666666666667,1105.6666666666667,2,4
293,HH,Active,6,5,0.8333333333333334,0.09375,0.7395833333333334,1733.6,3,2
293,HH,Passive,6,6,1.0,0.09375,0.90625,1876.6666666666667,2,4
293,HL,Active,6,5,0.8333333333333334,0.09375,0.7395833333333334,2031.0,3,2
293,HL,Passive,6,6,1.0,0.09375,0.90625,2096.6666666666665,2,4
293,LH,Active,6,5,0.8333333333333334,0.09375,0.7395833333333334,1742.4,1,4
293,LH,Passive,6,5,0.8333333333333334,0.09375,0.7395833333333334,1639.8,2,3
293,LL,Active,6,6,1.0,0.09375,0.90625,1493.0,4,2
293,LL,Passive,6,4,0.6666666666666666,0.09375,0.5729166666666666,1925.5,1,3
294,HH,Active,6,6,1.0,0.34375,0.65625,1420.8333333333333,4,2
294,HH,Passive,6,6,1.0,0.34375,0.65625,1647.1666666666667,4,2
294,HL,Active,6,6,1.0,0.34375,0.65625,1023.5,6,0
294,HL,Passive,6,6,1.0,0.34375,0.65625,1989.5,3,3
294,LH,Active,6,6,1.0,0.34375,0.65625,2025.1666666666667,4,2
294,LH,Passive,6,4,0.6666666666666666,0.34375,0.32291666666666663,1305.25,3,1
294,LL,Active,6,5,0.8333333333333334,0.34375,0.48958333333333337,1170.8,3,2
294,LL,Passive,6,6,1.0,0.34375,0.65625,1579.1666666666667,3,3
295,HH,Active,6,5,0.8333333333333334,0.052083333333333336,0.78125,1827.8,2,3
295,HH,Passive,6,6,1.0,0.052083333333333336,0.9479166666666666,1721.8333333333333,2,4
295,HL,Active,6,6,1.0,0.052083333333333336,0.9479166666666666,1633.0,4,2
295,HL,Passive,6,6,1.0,0.052083333333333336,0.9479166666666666,1722.3333333333333,1,5
295,LH,Active,6,5,0.8333333333333334,0.052083333333333336,0.78125,1284.6,3,2
295,LH,Passive,6,6,1.0,0.052083333333333336,0.9479166666666666,1686.8333333333333,0,6
295,LL,Active,6,5,0.8333333333333334,0.052083333333333336,0.78125,1344.0,3,2
295,LL,Passive,6,5,0.8333333333333334,0.052083333333333336,0.78125,2143.0,3,2
296,HH,Active,6,5,0.8333333333333334,0.125,0.7083333333333334,1523.2,2,3
296,HH,Passive,6,5,0.8333333333333334,0.125,0.7083333333333334,1743.2,2,3
296,HL,Active,6,6,1.0,0.125,0.875,2028.5,2,4
296,HL,Passive,6,6,1.0,0.125,0.875,1744.1666666666667,4,2
296,LH,Active,6,5,0.8333333333333334,0.125,0.7083333333333334,1385.0,2,3
296,LH,Passive,6,6,1.0,0.125,0.875,1249.5,4,2
296,LL,Active,6,4,0.6666666666666666,0.125,0.5416666666666666,1283.0,2,2
296,LL,Passive,6,6,1.0,0.125,0.875,1667.8333333333333,3,3
297,HH,Active,6,5,0.8333333333333334,0.3958333333333333,0.43750000000000006,1393.0,5,0
297,HH,Passive,6,5,0.8333333333333334,0.3958333333333333,0.43750000000000006,1510.6,3,2
297,HL,Active,6,6,1.0,0.3958333333333333,0.6041666666666667,1559.1666666666667,5,1
297,HL,Passive,6,6,1.0,0.3958333333333333,0.6041666666666667,1526.5,2,4
297,LH,Active,6,5,0.8333333333333334,0.3958333333333333,0.43750000000000006,1268.8,5,0
297,LH,Passive,6,6,1.0,0.3958333333333333,0.6041666666666667,1599.8333333333333,2,4
297,LL,Active,6,6,1.0,0.3958333333333333,0.6041666666666667,1570.1666666666667,3,3
297,LL,Passive,6,5,0.8333333333333334,0.3958333333333333,0.43750000000000006,1633.8,4,1
298,HH,Active,6,5,0.8333333333333334,0.09375,0.7395833333333334,1453.2,3,2
298,HH,Passive,6,4,0.6666666666666666,0.09375,0.5729166666666666,1610.0,3,1
298,HL,Active,6,4,0.6666666666666666,0.09375,0.5729166666666666,1572.0,3,1
298,HL,Passive,6,4,0.6666666666666666,0.09375,0.5729166666666666,1478.75,3,1
298,LH,Active,6,3,0.5,0.09375,0.40625,2001.3333333333333,1,2
298,LH,Passive,6,5,0.8333333333333334,0.09375,0.7395833333333334,1409.8,5,0
298,LL,Active,6,3,0.5,0.09375,0.40625,1323.3333333333333,2,1
298,LL,Passive,6,2,0.3333333333333333,0.09375,0.23958333333333331,2955.5,1,1
299,HH,Active,2,1,0.5,0.25,0.25,1005.0,1,0
299,HH,Passive,2,1,0.5,0.25,0.25,981.0,1,0
299,HL,Active,2,0,0.0,0.25,-0.25,,0,0
299,HL,Passive,2,1,0.5,0.25,0.25,2272.0,0,1
299,LH,Active,2,2,1.0,0.25,0.75,1753.5,2,0
299,LH,Passive,2,1,0.5,0.25,0.25,2546.0,0,1
299,LL,Active,2,0,0.0,0.25,-0.25,,0,0
299,LL,Passive,2,1,0.5,0.25,0.25,1296.0,1,0
302,HH,Active,6,6,1.0,0.1875,0.8125,1341.1666666666667,5,1
302,HH,Passive,6,4,0.6666666666666666,0.1875,0.47916666666666663,1983.75,2,2
302,HL,Active,6,5,0.8333333333333334,0.1875,0.6458333333333334,1412.2,4,1
302,HL,Passive,6,5,0.8333333333333334,0.1875,0.6458333333333334,1738.2,2,3
302,LH,Active,6,6,1.0,0.1875,0.8125,1652.0,4,2
302,LH,Passive,6,3,0.5,0.1875,0.3125,1468.6666666666667,1,2
302,LL,Active,6,3,0.5,0.1875,0.3125,2092.0,3,0
302,LL,Passive,6,5,0.8333333333333334,0.1875,0.6458333333333334,1570.6,3,2
303,HH,Active,6,5,0.8333333333333334,0.052083333333333336,0.78125,2204.4,2,3
303,HH,Passive,6,6,1.0,0.052083333333333336,0.9479166666666666,2206.3333333333335,1,5
303,HL,Active,6,6,1.0,0.052083333333333336,0.9479166666666666,2276.8333333333335,3,3
303,HL,Passive,6,5,0.8333333333333334,0.052083333333333336,0.78125,2153.0,2,3
303,LH,Active,6,6,1.0,0.052083333333333336,0.9479166666666666,2438.3333333333335,3,3
303,LH,Passive,6,4,0.6666666666666666,0.052083333333333336,0.6145833333333333,2211.0,2,2
303,LL,Active,6,4,0.6666666666666666,0.052083333333333336,0.6145833333333333,2453.5,1,3
303,LL,Passive,6,6,1.0,0.052083333333333336,0.9479166666666666,2014.5,2,4
304,HH,Active,6,5,0.8333333333333334,0.1875,0.6458333333333334,2250.8,2,3
304,HH,Passive,6,3,0.5,0.1875,0.3125,1897.6666666666667,2,1
304,HL,Active,6,4,0.6666666666666666,0.1875,0.47916666666666663,2040.5,2,2
304,HL,Passive,6,4,0.6666666666666666,0.1875,0.47916666666666663,1850.75,2,2
304,LH,Active,6,6,1.0,0.1875,0.8125,2157.8333333333335,4,2
304,LH,Passive,6,6,1.0,0.1875,0.8125,1937.8333333333333,3,3
304,LL,Active,6,4,0.6666666666666666,0.1875,0.47916666666666663,1542.75,3,1
304,LL,Passive,6,3,0.5,0.1875,0.3125,1648.3333333333333,1,2
305,HH,Active,6,6,1.0,0.14583333333333334,0.8541666666666666,1409.8333333333333,3,3
305,HH,Passive,6,6,1.0,0.14583333333333334,0.8541666666666666,1912.5,2,4
305,HL,Active,6,6,1.0,0.14583333333333334,0.8541666666666666,1479.0,3,3
305,HL,Passive,6,6,1.0,0.14583333333333334,0.8541666666666666,1948.3333333333333,3,3
305,LH,Active,6,6,1.0,0.14583333333333334,0.8541666666666666,1401.6666666666667,3,3
305,LH,Passive,6,6,1.0,0.14583333333333334,0.8541666666666666,1218.1666666666667,4,2
305,LL,Active,6,6,1.0,0.14583333333333334,0.8541666666666666,1953.6666666666667,4,2
305,LL,Passive,6,6,1.0,0.14583333333333334,0.8541666666666666,2091.6666666666665,3,3
307,HH,Active,6,6,1.0,0.17708333333333334,0.8229166666666666,1038.8333333333333,3,3
307,HH,Passive,6,6,1.0,0.17708333333333334,0.8229166666666666,1052.0,3,3
307,HL,Active,6,6,1.0,0.17708333333333334,0.8229166666666666,869.1666666666666,4,2
307,HL,Passive,6,6,1.0,0.17708333333333334,0.8229166666666666,916.8333333333334,2,4
307,LH,Active,6,6,1.0,0.17708333333333334,0.8229166666666666,874.1666666666666,4,2
307,LH,Passive,6,6,1.0,0.17708333333333334,0.8229166666666666,911.3333333333334,5,1
307,LL,Active,6,6,1.0,0.17708333333333334,0.8229166666666666,827.3333333333334,4,2
307,LL,Passive,6,6,1.0,0.17708333333333334,0.8229166666666666,962.6666666666666,3,3
308,HH,Active,6,5,0.8333333333333334,0.3125,0.5208333333333334,1859.2,3,2
308,HH,Passive,6,5,0.8333333333333334,0.3125,0.5208333333333334,1992.4,2,3
308,HL,Active,6,5,0.8333333333333334,0.3125,0.5208333333333334,1799.6,4,1
308,HL,Passive,6,6,1.0,0.3125,0.6875,2244.5,2,4
308,LH,Active,6,5,0.8333333333333334,0.3125,0.5208333333333334,1689.2,3,2
308,LH,Passive,6,6,1.0,0.3125,0.6875,1912.6666666666667,3,3
308,LL,Active,6,5,0.8333333333333334,0.3125,0.5208333333333334,1609.6,2,3
308,LL,Passive,6,6,1.0,0.3125,0.6875,1967.6666666666667,2,4
309,HH,Active,6,3,0.5,0.052083333333333336,0.4479166666666667,1790.3333333333333,2,1
309,HH,Passive,6,2,0.3333333333333333,0.052083333333333336,0.28125,1615.5,1,1
309,HL,Active,6,2,0.3333333333333333,0.052083333333333336,0.28125,2041.0,2,0
309,HL,Passive,6,0,0.0,0.052083333333333336,-0.052083333333333336,,0,0
309,LH,Active,6,0,0.0,0.052083333333333336,-0.052083333333333336,,0,0
309,LH,Passive,6,1,0.16666666666666666,0.052083333333333336,0.11458333333333331,2963.0,0,1
309,LL,Active,6,0,0.0,0.052083333333333336,-0.052083333333333336,,0,0
309,LL,Passive,6,1,0.16666666666666666,0.052083333333333336,0.11458333333333331,1278.0,1,0
310,HH,Active,6,6,1.0,0.10416666666666667,0.8958333333333334,1479.6666666666667,4,2
310,HH,Passive,6,4,0.6666666666666666,0.10416666666666667,0.5625,2008.0,0,4
310,HL,Active,6,6,1.0,0.10416666666666667,0.8958333333333334,1337.8333333333333,5,1
310,HL,Passive,6,6,1.0,0.10416666666666667,0.8958333333333334,1818.3333333333333,3,3
310,LH,Active,6,6,1.0,0.10416666666666667,0.8958333333333334,1599.0,5,1
310,LH,Passive,6,5,0.8333333333333334,0.10416666666666667,0.7291666666666667,1158.8,2,3
310,LL,Active,6,5,0.8333333333333334,0.10416666666666667,0.7291666666666667,1351.4,3,2
310,LL,Passive,6,2,0.3333333333333333,0.10416666666666667,0.22916666666666663,1503.0,0,2
311,HH,Active,6,6,1.0,0.13541666666666666,0.8645833333333334,1719.1666666666667,5,1
311,HH,Passive,6,5,0.8333333333333334,0.13541666666666666,0.6979166666666667,2009.8,3,2
311,HL,Active,6,5,0.8333333333333334,0.13541666666666666,0.6979166666666667,2140.4,2,3
311,HL,Passive,6,6,1.0,0.13541666666666666,0.8645833333333334,1969.0,3,3
311,LH,Active,6,6,1.0,0.13541666666666666,0.8645833333333334,2176.6666666666665,4,2
311,LH,Passive,6,6,1.0,0.13541666666666666,0.8645833333333334,1921.1666666666667,5,1
311,LL,Active,6,6,1.0,0.13541666666666666,0.8645833333333334,2118.8333333333335,4,2
311,LL,Passive,6,4,0.6666666666666666,0.13541666666666666,0.53125,1678.25,2,2
312,HH,Active,6,6,1.0,0.15625,0.84375,1790.1666666666667,4,2
312,HH,Passive,6,6,1.0,0.15625,0.84375,1886.5,3,3
312,HL,Active,6,6,1.0,0.15625,0.84375,1540.5,4,2
312,HL,Passive,6,4,0.6666666666666666,0.15625,0.5104166666666666,1811.0,3,1
312,LH,Active,6,5,0.8333333333333334,0.15625,0.6770833333333334,2114.4,2,3
312,LH,Passive,6,6,1.0,0.15625,0.84375,1534.5,2,4
312,LL,Active,6,5,0.8333333333333334,0.15625,0.6770833333333334,1474.6,2,3
312,LL,Passive,6,5,0.8333333333333334,0.15625,0.6770833333333334,2168.8,2,3
313,HH,Active,6,5,0.8333333333333334,0.4270833333333333,0.40625000000000006,1316.2,3,2
313,HH,Passive,6,6,1.0,0.4270833333333333,0.5729166666666667,1458.1666666666667,3,3
313,HL,Active,6,6,1.0,0.4270833333333333,0.5729166666666667,1029.6666666666667,3,3
313,HL,Passive,6,6,1.0,0.4270833333333333,0.5729166666666667,1292.8333333333333,2,4
313,LH,Active,6,6,1.0,0.4270833333333333,0.5729166666666667,1034.8333333333333,3,3
313,LH,Passive,6,5,0.8333333333333334,0.4270833333333333,0.40625000000000006,1096.2,3,2
313,LL,Active,6,6,1.0,0.4270833333333333,0.5729166666666667,1333.5,3,3
313,LL,Passive,6,6,1.0,0.4270833333333333,0.5729166666666667,1407.3333333333333,2,4
314,HH,Active,6,5,0.8333333333333334,0.14583333333333334,0.6875,1314.0,4,1
314,HH,Passive,6,6,1.0,0.14583333333333334,0.8541666666666666,1898.0,4,2
314,HL,Active,6,6,1.0,0.14583333333333334,0.8541666666666666,1381.6666666666667,4,2
314,HL,Passive,6,5,0.8333333333333334,0.14583333333333334,0.6875,1538.8,0,5
314,LH,Active,6,5,0.8333333333333334,0.14583333333333334,0.6875,1647.8,3,2
314,LH,Passive,6,6,1.0,0.14583333333333334,0.8541666666666666,1668.3333333333333,2,4
314,LL,Active,6,5,0.8333333333333334,0.14583333333333334,0.6875,1216.8,4,1
314,LL,Passive,6,4,0.6666666666666666,0.14583333333333334,0.5208333333333333,1754.5,1,3
316,HH,Active,6,6,1.0,0.14583333333333334,0.8541666666666666,1650.8333333333333,4,2
316,HH,Passive,6,6,1.0,0.14583333333333334,0.8541666666666666,1868.0,2,4
316,HL,Active,6,6,1.0,0.14583333333333334,0.8541666666666666,1180.6666666666667,5,1
316,HL,Passive,6,6,1.0,0.14583333333333334,0.8541666666666666,1564.3333333333333,4,2
316,LH,Active,6,4,0.6666666666666666,0.14583333333333334,0.5208333333333333,1420.5,2,2
316,LH,Passive,6,6,1.0,0.14583333333333334,0.8541666666666666,1546.5,2,4
316,LL,Active,6,4,0.6666666666666666,0.14583333333333334,0.5208333333333333,1636.75,2,2
316,LL,Passive,6,6,1.0,0.14583333333333334,0.8541666666666666,1744.0,2,4
317,HH,Active,6,6,1.0,0.23958333333333334,0.7604166666666666,1758.5,2,4
317,HH,Passive,6,6,1.0,0.23958333333333334,0.7604166666666666,1211.5,5,1
317,HL,Active,6,6,1.0,0.23958333333333334,0.7604166666666666,1286.5,2,4
317,HL,Passive,6,3,0.5,0.23958333333333334,0.26041666666666663,1359.0,3,0
317,LH,Active,6,5,0.8333333333333334,0.23958333333333334,0.59375,1417.6,2,3
317,LH,Passive,6,4,0.6666666666666666,0.23958333333333334,0.42708333333333326,1442.5,3,1
317,LL,Active,6,5,0.8333333333333334,0.23958333333333334,0.59375,1522.4,1,4
317,LL,Passive,6,5,0.8333333333333334,0.23958333333333334,0.59375,1382.0,3,2
318,HH,Active,6,6,1.0,0.125,0.875,1788.5,4,2
318,HH,Passive,6,6,1.0,0.125,0.875,1906.8333333333333,4,2
318,HL,Active,6,6,1.0,0.125,0.875,1737.1666666666667,4,2
318,HL,Passive,6,5,0.8333333333333334,0.125,0.7083333333333334,1775.8,3,2
318,LH,Active,6,5,0.8333333333333334,0.125,0.7083333333333334,2109.2,3,2
318,LH,Passive,6,5,0.8333333333333334,0.125,0.7083333333333334,1739.8,2,3
318,LL,Active,6,6,1.0,0.125,0.875,1635.3333333333333,4,2
318,LL,Passive,6,5,0.8333333333333334,0.125,0.7083333333333334,1847.0,2,3
322,HH,Active,6,5,0.8333333333333334,0.23958333333333334,0.59375,1401.4,1,4
322,HH,Passive,6,4,0.6666666666666666,0.23958333333333334,0.42708333333333326,1690.75,3,1
322,HL,Active,6,6,1.0,0.23958333333333334,0.7604166666666666,1241.3333333333333,2,4
322,HL,Passive,6,4,0.6666666666666666,0.23958333333333334,0.42708333333333326,2192.25,2,2
322,LH,Active,6,5,0.8333333333333334,0.23958333333333334,0.59375,1691.6,2,3
322,LH,Passive,6,5,0.8333333333333334,0.23958333333333334,0.59375,1343.8,2,3
322,LL,Active,6,5,0.8333333333333334,0.23958333333333334,0.59375,1407.6,1,4
322,LL,Passive,6,5,0.8333333333333334,0.23958333333333334,0.59375,1354.4,0,5
323,HH,Active,6,6,1.0,0.0625,0.9375,1889.1666666666667,4,2
323,HH,Passive,6,5,0.8333333333333334,0.0625,0.7708333333333334,1684.8,2,3
323,HL,Active,6,5,0.8333333333333334,0.0625,0.7708333333333334,1472.2,2,3
323,HL,Passive,6,6,1.0,0.0625,0.9375,2247.0,5,1
323,LH,Active,6,6,1.0,0.0625,0.9375,1559.0,4,2
323,LH,Passive,6,6,1.0,0.0625,0.9375,1501.6666666666667,4,2
323,LL,Active,6,6,1.0,0.0625,0.9375,1875.0,4,2
323,LL,Passive,6,6,1.0,0.0625,0.9375,2170.1666666666665,3,3
325,HH,Active,6,4,0.6666666666666666,0.11458333333333333,0.5520833333333333,1280.25,4,0
325,HH,Passive,6,5,0.8333333333333334,0.11458333333333333,0.71875,1873.2,3,2
325,HL,Active,6,2,0.3333333333333333,0.11458333333333333,0.21875,2067.5,2,0
325,HL,Passive,6,5,0.8333333333333334,0.11458333333333333,0.71875,2364.8,2,3
325,LH,Active,6,3,0.5,0.11458333333333333,0.3854166666666667,1893.3333333333333,2,1
325,LH,Passive,6,4,0.6666666666666666,0.11458333333333333,0.5520833333333333,1808.0,2,2
325,LL,Active,6,1,0.16666666666666666,0.11458333333333333,0.05208333333333333,2978.0,1,0
325,LL,Passive,6,6,1.0,0.11458333333333333,0.8854166666666666,2624.0,1,5
326,HH,Active,6,3,0.5,0.14583333333333334,0.35416666666666663,1172.3333333333333,2,1
326,HH,Passive,6,4,0.6666666666666666,0.14583333333333334,0.5208333333333333,1316.5,2,2
326,HL,Active,6,4,0.6666666666666666,0.14583333333333334,0.5208333333333333,1189.75,2,2
326,HL,Passive,6,6,1.0,0.14583333333333334,0.8541666666666666,1158.3333333333333,4,2
326,LH,Active,6,5,0.8333333333333334,0.14583333333333334,0.6875,1567.6,2,3
326,LH,Passive,6,4,0.6666666666666666,0.14583333333333334,0.5208333333333333,1021.25,3,1
326,LL,Active,6,5,0.8333333333333334,0.14583333333333334,0.6875,1428.4,3,2
326,LL,Passive,6,6,1.0,0.14583333333333334,0.8541666666666666,1683.8333333333333,2,4
327,HH,Active,6,5,0.8333333333333334,0.11458333333333333,0.71875,1675.0,4,1
327,HH,Passive,6,6,1.0,0.11458333333333333,0.8854166666666666,2136.1666666666665,3,3
327,HL,Active,6,6,1.0,0.11458333333333333,0.8854166666666666,2061.1666666666665,4,2
327,HL,Passive,6,6,1.0,0.11458333333333333,0.8854166666666666,1685.5,5,1
327,LH,Active,6,6,1.0,0.11458333333333333,0.8854166666666666,1585.1666666666667,5,1
327,LH,Passive,6,6,1.0,0.11458333333333333,0.8854166666666666,2222.1666666666665,3,3
327,LL,Active,6,4,0.6666666666666666,0.11458333333333333,0.5520833333333333,2282.75,3,1
327,LL,Passive,6,6,1.0,0.11458333333333333,0.8854166666666666,2439.1666666666665,3,3
328,HH,Active,6,6,1.0,0.15625,0.84375,1260.1666666666667,3,3
328,HH,Passive,6,6,1.0,0.15625,0.84375,1333.0,4,2
328,HL,Active,6,4,0.6666666666666666,0.15625,0.5104166666666666,1124.0,1,3
328,HL,Passive,6,5,0.8333333333333334,0.15625,0.6770833333333334,1086.6,3,2
328,LH,Active,6,6,1.0,0.15625,0.84375,1228.0,2,4
328,LH,Passive,6,5,0.8333333333333334,0.15625,0.6770833333333334,1432.0,3,2
328,LL,Active,6,6,1.0,0.15625,0.84375,1421.0,4,2
328,LL,Passive,6,4,0.6666666666666666,0.15625,0.5104166666666666,1497.75,3,1
329,HH,Active,6,5,0.8333333333333334,0.08333333333333333,0.75,1858.2,2,3
329,HH,Passive,6,6,1.0,0.08333333333333333,0.9166666666666666,2755.3333333333335,3,3
329,HL,Active,6,6,1.0,0.08333333333333333,0.9166666666666666,2400.0,1,5
329,HL,Passive,6,4,0.6666666666666666,0.08333333333333333,0.5833333333333333,2712.0,2,2
329,LH,Active,6,3,0.5,0.08333333333333333,0.4166666666666667,2560.6666666666665,2,1
329,LH,Passive,6,5,0.8333333333333334,0.08333333333333333,0.75,1933.2,3,2
329,LL,Active,6,6,1.0,0.08333333333333333,0.9166666666666666,1537.1666666666667,4,2
329,LL,Passive,6,4,0.6666666666666666,0.08333333333333333,0.5833333333333333,1511.75,2,2
330,HH,Active,6,6,1.0,0.21875,0.78125,3009.0,2,4
330,HH,Passive,6,6,1.0,0.21875,0.78125,1877.5,5,1
330,HL,Active,6,5,0.8333333333333334,0.21875,0.6145833333333334,2238.6,3,2
330,HL,Passive,6,6,1.0,0.21875,0.78125,2723.0,2,4
330,LH,Active,6,6,1.0,0.21875,0.78125,2019.1666666666667,4,2
330,LH,Passive,6,5,0.8333333333333334,0.21875,0.6145833333333334,2219.0,4,1
330,LL,Active,6,2,0.3333333333333333,0.21875,0.11458333333333331,2168.5,1,1
330,LL,Passive,6,4,0.6666666666666666,0.21875,0.44791666666666663,2198.5,1,3
331,HH,Active,6,4,0.6666666666666666,0.0625,0.6041666666666666,2035.0,2,2
331,HH,Passive,6,6,1.0,0.0625,0.9375,2631.0,4,2
331,HL,Active,6,4,0.6666666666666666,0.0625,0.6041666666666666,2297.25,3,1
331,HL,Passive,6,3,0.5,0.0625,0.4375,2266.6666666666665,1,2
331,LH,Active,6,5,0.8333333333333334,0.0625,0.7708333333333334,2178.6,3,2
331,LH,Passive,6,6,1.0,0.0625,0.9375,2723.1666666666665,0,6
331,LL,Active,6,5,0.8333333333333334,0.0625,0.7708333333333334,2354.8,1,4
331,LL,Passive,6,4,0.6666666666666666,0.0625,0.6041666666666666,2202.25,3,1
333,HH,Active,6,6,1.0,0.375,0.625,1510.3333333333333,5,1
333,HH,Passive,6,5,0.8333333333333334,0.375,0.45833333333333337,1485.4,4,1
333,HL,Active,6,6,1.0,0.375,0.625,1972.5,4,2
333,HL,Passive,6,6,1.0,0.375,0.625,2090.3333333333335,3,3
333,LH,Active,6,6,1.0,0.375,0.625,2007.1666666666667,2,4
333,LH,Passive,6,6,1.0,0.375,0.625,1510.8333333333333,4,2
333,LL,Active,6,5,0.8333333333333334,0.375,0.45833333333333337,1693.8,2,3
333,LL,Passive,6,6,1.0,0.375,0.625,2246.0,4,2
339,HH,Active,6,6,1.0,0.3229166666666667,0.6770833333333333,1944.1666666666667,1,5
339,HH,Passive,6,6,1.0,0.3229166666666667,0.6770833333333333,2153.0,3,3
339,HL,Active,6,6,1.0,0.3229166666666667,0.6770833333333333,2034.1666666666667,3,3
339,HL,Passive,6,6,1.0,0.3229166666666667,0.6770833333333333,2073.3333333333335,3,3
339,LH,Active,6,5,0.8333333333333334,0.3229166666666667,0.5104166666666667,1482.4,2,3
339,LH,Passive,6,6,1.0,0.3229166666666667,0.6770833333333333,1676.6666666666667,3,3
339,LL,Active,6,6,1.0,0.3229166666666667,0.6770833333333333,1453.0,3,3
339,LL,Passive,6,5,0.8333333333333334,0.3229166666666667,0.5104166666666667,1810.4,3,2
340,HH,Active,6,6,1.0,0.07291666666666667,0.9270833333333334,1687.3333333333333,2,4
340,HH,Passive,6,6,1.0,0.07291666666666667,0.9270833333333334,1641.0,2,4
340,HL,Active,6,6,1.0,0.07291666666666667,0.9270833333333334,1866.6666666666667,3,3
340,HL,Passive,6,6,1.0,0.07291666666666667,0.9270833333333334,1670.3333333333333,4,2
340,LH,Active,6,6,1.0,0.07291666666666667,0.9270833333333334,1482.0,2,4
340,LH,Passive,6,6,1.0,0.07291666666666667,0.9270833333333334,1686.5,3,3
340,LL,Active,6,5,0.8333333333333334,0.07291666666666667,0.7604166666666667,1559.0,2,3
340,LL,Passive,6,6,1.0,0.07291666666666667,0.9270833333333334,1831.1666666666667,2,4
342,HH,Active,6,6,1.0,0.4270833333333333,0.5729166666666667,1354.5,3,3
342,HH,Passive,6,5,0.8333333333333334,0.4270833333333333,0.40625000000000006,1157.8,2,3
342,HL,Active,6,6,1.0,0.4270833333333333,0.5729166666666667,1331.0,4,2
342,HL,Passive,6,6,1.0,0.4270833333333333,0.5729166666666667,1384.0,3,3
342,LH,Active,6,6,1.0,0.4270833333333333,0.5729166666666667,1283.8333333333333,4,2
342,LH,Passive,6,6,1.0,0.4270833333333333,0.5729166666666667,1435.3333333333333,4,2
342,LL,Active,6,6,1.0,0.4270833333333333,0.5729166666666667,1411.1666666666667,5,1
342,LL,Passive,6,6,1.0,0.4270833333333333,0.5729166666666667,1566.8333333333333,2,4
343,HH,Active,6,6,1.0,0.3125,0.6875,1302.0,5,1
343,HH,Passive,6,4,0.6666666666666666,0.3125,0.35416666666666663,1095.25,4,0
343,HL,Active,6,2,0.3333333333333333,0.3125,0.020833333333333315,784.5,2,0
343,HL,Passive,6,5,0.8333333333333334,0.3125,0.5208333333333334,1366.6,5,0
343,LH,Active,6,4,0.6666666666666666,0.3125,0.35416666666666663,920.5,4,0
343,LH,Passive,6,4,0.6666666666666666,0.3125,0.35416666666666663,1690.5,3,1
343,LL,Active,6,3,0.5,0.3125,0.1875,1423.6666666666667,3,0
343,LL,Passive,6,5,0.8333333333333334,0.3125,0.5208333333333334,1972.2,4,1
344,HH,Active,6,6,1.0,0.0625,0.9375,1804.3333333333333,4,2
344,HH,Passive,6,6,1.0,0.0625,0.9375,1724.1666666666667,1,5
344,HL,Active,6,5,0.8333333333333334,0.0625,0.7708333333333334,1781.0,3,2
344,HL,Passive,6,6,1.0,0.0625,0.9375,2126.3333333333335,2,4
344,LH,Active,6,5,0.8333333333333334,0.0625,0.7708333333333334,1659.2,2,3
344,LH,Passive,6,6,1.0,0.0625,0.9375,1875.1666666666667,4,2
344,LL,Active,6,6,1.0,0.0625,0.9375,1976.5,3,3
344,LL,Passive,6,6,1.0,0.0625,0.9375,1735.1666666666667,1,5
346,HH,Active,6,6,1.0,0.4166666666666667,0.5833333333333333,1894.3333333333333,4,2
346,HH,Passive,6,5,0.8333333333333334,0.4166666666666667,0.4166666666666667,1759.8,3,2
346,HL,Active,6,6,1.0,0.4166666666666667,0.5833333333333333,1690.5,6,0
346,HL,Passive,6,6,1.0,0.4166666666666667,0.5833333333333333,1844.5,3,3
346,LH,Active,6,4,0.6666666666666666,0.4166666666666667,0.24999999999999994,1690.75,1,3
346,LH,Passive,6,6,1.0,0.4166666666666667,0.5833333333333333,1676.6666666666667,1,5
346,LL,Active,6,5,0.8333333333333334,0.4166666666666667,0.4166666666666667,2078.2,3,2
346,LL,Passive,6,6,1.0,0.4166666666666667,0.5833333333333333,1712.0,4,2
350,HH,Active,6,5,0.8333333333333334,0.08333333333333333,0.75,1641.2,3,2
350,HH,Passive,6,3,0.5,0.08333333333333333,0.4166666666666667,1736.0,1,2
350,HL,Active,6,5,0.8333333333333334,0.08333333333333333,0.75,1589.2,3,2
350,HL,Passive,6,6,1.0,0.08333333333333333,0.9166666666666666,2082.8333333333335,2,4
350,LH,Active,6,5,0.8333333333333334,0.08333333333333333,0.75,1651.0,4,1
350,LH,Passive,6,5,0.8333333333333334,0.08333333333333333,0.75,1736.4,3,2
350,LL,Active,6,4,0.6666666666666666,0.08333333333333333,0.5833333333333333,2120.25,3,1
350,LL,Passive,6,5,0.8333333333333334,0.08333333333333333,0.75,1858.2,2,3
351,HH,Active,6,4,0.6666666666666666,0.22916666666666666,0.4375,1862.0,2,2
351,HH,Passive,6,6,1.0,0.22916666666666666,0.7708333333333334,1996.1666666666667,3,3
351,HL,Active,6,6,1.0,0.22916666666666666,0.7708333333333334,1934.1666666666667,1,5
351,HL,Passive,6,6,1.0,0.22916666666666666,0.7708333333333334,1798.3333333333333,3,3
351,LH,Active,6,6,1.0,0.22916666666666666,0.7708333333333334,1498.6666666666667,5,1
351,LH,Passive,6,6,1.0,0.22916666666666666,0.7708333333333334,1749.0,3,3
351,LL,Active,6,6,1.0,0.22916666666666666,0.7708333333333334,1606.8333333333333,2,4
351,LL,Passive,6,5,0.8333333333333334,0.22916666666666666,0.6041666666666667,1514.0,2,3
354,HH,Active,6,4,0.6666666666666666,0.10416666666666667,0.5625,1130.75,4,0
354,HH,Passive,6,5,0.8333333333333334,0.10416666666666667,0.7291666666666667,1462.2,4,1
354,HL,Active,6,6,1.0,0.10416666666666667,0.8958333333333334,1201.8333333333333,2,4
354,HL,Passive,6,6,1.0,0.10416666666666667,0.8958333333333334,1253.1666666666667,4,2
354,LH,Active,6,4,0.6666666666666666,0.10416666666666667,0.5625,1968.75,2,2
354,LH,Passive,6,4,0.6666666666666666,0.10416666666666667,0.5625,1098.0,4,0
354,LL,Active,6,4,0.6666666666666666,0.10416666666666667,0.5625,1657.75,3,1
354,LL,Passive,6,5,0.8333333333333334,0.10416666666666667,0.7291666666666667,1421.0,4,1
355,HH,Active,6,4,0.6666666666666666,0.07291666666666667,0.59375,1604.25,4,0
355,HH,Passive,6,6,1.0,0.07291666666666667,0.9270833333333334,1511.0,3,3
355,HL,Active,6,6,1.0,0.07291666666666667,0.9270833333333334,1658.8333333333333,3,3
355,HL,Passive,6,6,1.0,0.07291666666666667,0.9270833333333334,1788.6666666666667,3,3
355,LH,Active,6,5,0.8333333333333334,0.07291666666666667,0.7604166666666667,2350.0,2,3
355,LH,Passive,6,5,0.8333333333333334,0.07291666666666667,0.7604166666666667,1472.2,3,2
355,LL,Active,6,6,1.0,0.07291666666666667,0.9270833333333334,1619.1666666666667,5,1
355,LL,Passive,6,6,1.0,0.07291666666666667,0.9270833333333334,1416.8333333333333,3,3
356,HH,Active,6,5,0.8333333333333334,0.13541666666666666,0.6979166666666667,1621.4,3,2
356,HH,Passive,6,6,1.0,0.13541666666666666,0.8645833333333334,2033.8333333333333,3,3
356,HL,Active,6,6,1.0,0.13541666666666666,0.8645833333333334,1339.0,4,2
356,HL,Passive,6,6,1.0,0.13541666666666666,0.8645833333333334,1666.8333333333333,3,3
356,LH,Active,6,5,0.8333333333333334,0.13541666666666666,0.6979166666666667,1650.6,3,2
356,LH,Passive,6,5,0.8333333333333334,0.13541666666666666,0.6979166666666667,1365.2,4,1
356,LL,Active,6,5,0.8333333333333334,0.13541666666666666,0.6979166666666667,1540.6,4,1
356,LL,Passive,6,6,1.0,0.13541666666666666,0.8645833333333334,2266.0,3,3
361,HH,Active,6,6,1.0,0.08333333333333333,0.9166666666666666,2214.1666666666665,3,3
361,HH,Passive,6,6,1.0,0.08333333333333333,0.9166666666666666,1812.1666666666667,3,3
361,HL,Active,6,6,1.0,0.08333333333333333,0.9166666666666666,1524.0,3,3
361,HL,Passive,6,5,0.8333333333333334,0.08333333333333333,0.75,2297.8,0,5
361,LH,Active,6,6,1.0,0.08333333333333333,0.9166666666666666,1905.0,2,4
361,LH,Passive,6,6,1.0,0.08333333333333333,0.9166666666666666,2340.8333333333335,2,4
361,LL,Active,6,6,1.0,0.08333333333333333,0.9166666666666666,2001.0,3,3
361,LL,Passive,6,6,1.0,0.08333333333333333,0.9166666666666666,2118.6666666666665,4,2
362,HH,Active,6,4,0.6666666666666666,0.11458333333333333,0.5520833333333333,1466.75,3,1
362,HH,Passive,6,5,0.8333333333333334,0.11458333333333333,0.71875,1895.4,2,3
362,HL,Active,6,3,0.5,0.11458333333333333,0.3854166666666667,1958.6666666666667,2,1
362,HL,Passive,6,6,1.0,0.11458333333333333,0.8854166666666666,1654.6666666666667,2,4
362,LH,Active,6,5,0.8333333333333334,0.11458333333333333,0.71875,1816.0,3,2
362,LH,Passive,6,3,0.5,0.11458333333333333,0.3854166666666667,1526.3333333333333,0,3
362,LL,Active,6,4,0.6666666666666666,0.11458333333333333,0.5520833333333333,1775.0,2,2
362,LL,Passive,6,4,0.6666666666666666,0.11458333333333333,0.5520833333333333,2300.25,1,3
363,HH,Active,6,5,0.8333333333333334,0.1875,0.6458333333333334,1462.8,4,1
363,HH,Passive,6,6,1.0,0.1875,0.8125,1413.6666666666667,4,2
363,HL,Active,6,6,1.0,0.1875,0.8125,1308.6666666666667,3,3
363,HL,Passive,6,6,1.0,0.1875,0.8125,1434.6666666666667,2,4
363,LH,Active,6,5,0.8333333333333334,0.1875,0.6458333333333334,1347.6,3,2
363,LH,Passive,6,4,0.6666666666666666,0.1875,0.47916666666666663,1742.75,2,2
363,LL,Active,6,4,0.6666666666666666,0.1875,0.47916666666666663,1479.5,2,2
363,LL,Passive,6,5,0.8333333333333334,0.1875,0.6458333333333334,1655.2,2,3
364,HH,Active,6,6,1.0,0.03125,0.96875,1583.3333333333333,3,3
364,HH,Passive,6,4,0.6666666666666666,0.03125,0.6354166666666666,1432.5,3,1
364,HL,Active,6,5,0.8333333333333334,0.03125,0.8020833333333334,1769.2,4,1
364,HL,Passive,6,5,0.8333333333333334,0.03125,0.8020833333333334,1488.2,1,4
364,LH,Active,6,5,0.8333333333333334,0.03125,0.8020833333333334,1636.4,4,1
364,LH,Passive,6,5,0.8333333333333334,0.03125,0.8020833333333334,1534.0,4,1
364,LL,Active,6,4,0.6666666666666666,0.03125,0.6354166666666666,1352.5,3,1
364,LL,Passive,6,2,0.3333333333333333,0.03125,0.3020833333333333,1352.5,0,2
366,HH,Active,6,6,1.0,0.20833333333333334,0.7916666666666666,2194.1666666666665,6,0
366,HH,Passive,6,6,1.0,0.20833333333333334,0.7916666666666666,2340.8333333333335,4,2
366,HL,Active,6,6,1.0,0.20833333333333334,0.7916666666666666,1670.6666666666667,4,2
366,HL,Passive,6,5,0.8333333333333334,0.20833333333333334,0.625,2247.4,3,2
366,LH,Active,6,5,0.8333333333333334,0.20833333333333334,0.625,2158.0,5,0
366,LH,Passive,6,6,1.0,0.20833333333333334,0.7916666666666666,2170.6666666666665,4,2
366,LL,Active,6,6,1.0,0.20833333333333334,0.7916666666666666,2413.8333333333335,3,3
366,LL,Passive,6,6,1.0,0.20833333333333334,0.7916666666666666,2583.6666666666665,4,2
367,HH,Active,6,6,1.0,0.4583333333333333,0.5416666666666667,1898.0,2,4
367,HH,Passive,6,6,1.0,0.4583333333333333,0.5416666666666667,1496.1666666666667,4,2
367,HL,Active,6,5,0.8333333333333334,0.4583333333333333,0.37500000000000006,1374.0,2,3
367,HL,Passive,6,6,1.0,0.4583333333333333,0.5416666666666667,1280.5,3,3
367,LH,Active,6,6,1.0,0.4583333333333333,0.5416666666666667,1308.5,3,3
367,LH,Passive,6,6,1.0,0.4583333333333333,0.5416666666666667,1316.0,4,2
367,LL,Active,6,6,1.0,0.4583333333333333,0.5416666666666667,1577.3333333333333,3,3
367,LL,Passive,6,6,1.0,0.4583333333333333,0.5416666666666667,1563.1666666666667,3,3
368,HH,Active,6,6,1.0,0.052083333333333336,0.9479166666666666,1119.0,4,2
368,HH,Passive,6,5,0.8333333333333334,0.052083333333333336,0.78125,1233.6,3,2
368,HL,Active,6,4,0.6666666666666666,0.052083333333333336,0.6145833333333333,1356.75,2,2
368,HL,Passive,6,4,0.6666666666666666,0.052083333333333336,0.6145833333333333,1514.5,2,2
368,LH,Active,6,6,1.0,0.052083333333333336,0.9479166666666666,1527.5,3,3
368,LH,Passive,6,5,0.8333333333333334,0.052083333333333336,0.78125,1352.6,2,3
368,LL,Active,6,5,0.8333333333333334,0.052083333333333336,0.78125,1565.2,4,1
368,LL,Passive,6,3,0.5,0.052083333333333336,0.4479166666666667,954.3333333333334,3,0
369,HH,Active,6,4,0.6666666666666666,0.11458333333333333,0.5520833333333333,1683.75,2,2
369,HH,Passive,6,4,0.6666666666666666,0.11458333333333333,0.5520833333333333,1616.5,2,2
369,HL,Active,6,4,0.6666666666666666,0.11458333333333333,0.5520833333333333,1244.25,3,1
369,HL,Passive,6,5,0.8333333333333334,0.11458333333333333,0.71875,1785.6,3,2
369,LH,Active,6,4,0.6666666666666666,0.11458333333333333,0.5520833333333333,1629.75,2,2
369,LH,Passive,6,4,0.6666666666666666,0.11458333333333333,0.5520833333333333,1614.75,3,1
369,LL,Active,6,4,0.6666666666666666,0.11458333333333333,0.5520833333333333,1467.5,2,2
369,LL,Passive,6,5,0.8333333333333334,0.11458333333333333,0.71875,2206.2,3,2
370,HH,Active,6,6,1.0,0.17708333333333334,0.8229166666666666,1737.6666666666667,3,3
370,HH,Passive,6,6,1.0,0.17708333333333334,0.8229166666666666,1661.0,3,3
370,HL,Active,6,4,0.6666666666666666,0.17708333333333334,0.48958333333333326,1472.0,2,2
370,HL,Passive,6,4,0.6666666666666666,0.17708333333333334,0.48958333333333326,1567.5,2,2
370,LH,Active,6,6,1.0,0.17708333333333334,0.8229166666666666,1621.6666666666667,2,4
370,LH,Passive,6,5,0.8333333333333334,0.17708333333333334,0.65625,1535.4,2,3
370,LL,Active,6,2,0.3333333333333333,0.17708333333333334,0.15624999999999997,2563.0,1,1
370,LL,Passive,6,4,0.6666666666666666,0.17708333333333334,0.48958333333333326,1333.25,2,2
371,HH,Active,6,1,0.16666666666666666,0.08333333333333333,0.08333333333333333,2166.0,0,1
371,HH,Passive,6,4,0.6666666666666666,0.08333333333333333,0.5833333333333333,1971.75,1,3
371,HL,Active,6,3,0.5,0.08333333333333333,0.4166666666666667,2184.0,2,1
371,HL,Passive,6,4,0.6666666666666666,0.08333333333333333,0.5833333333333333,2559.5,3,1
371,LH,Active,6,2,0.3333333333333333,0.08333333333333333,0.25,1882.0,1,1
371,LH,Passive,6,0,0.0,0.08333333333333333,-0.08333333333333333,,0,0
371,LL,Active,6,3,0.5,0.08333333333333333,0.4166666666666667,1850.0,2,1
371,LL,Passive,6,3,0.5,0.08333333333333333,0.4166666666666667,2284.6666666666665,2,1
372,HH,Active,6,3,0.5,0.08333333333333333,0.4166666666666667,1153.0,0,3
372,HH,Passive,6,5,0.8333333333333334,0.08333333333333333,0.75,1226.8,1,4
372,HL,Active,6,6,1.0,0.08333333333333333,0.9166666666666666,1429.0,2,4
372,HL,Passive,6,5,0.8333333333333334,0.08333333333333333,0.75,1232.4,2,3
372,LH,Active,6,6,1.0,0.08333333333333333,0.9166666666666666,1301.8333333333333,3,3
372,LH,Passive,6,4,0.6666666666666666,0.08333333333333333,0.5833333333333333,1598.25,1,3
372,LL,Active,6,4,0.6666666666666666,0.08333333333333333,0.5833333333333333,1048.25,1,3
372,LL,Passive,6,2,0.3333333333333333,0.08333333333333333,0.25,854.0,1,1
373,HH,Active,6,5,0.8333333333333334,0.4270833333333333,0.40625000000000006,1527.0,3,2
373,HH,Passive,6,3,0.5,0.4270833333333333,0.07291666666666669,1241.6666666666667,3,0
373,HL,Active,6,5,0.8333333333333334,0.4270833333333333,0.40625000000000006,2204.2,2,3
373,HL,Passive,6,5,0.8333333333333334,0.4270833333333333,0.40625000000000006,1385.2,3,2
373,LH,Active,6,2,0.3333333333333333,0.4270833333333333,-0.09375,1239.0,2,0
373,LH,Passive,6,4,0.6666666666666666,0.4270833333333333,0.23958333333333331,1460.0,3,1
373,LL,Active,6,5,0.8333333333333334,0.4270833333333333,0.40625000000000006,1107.4,4,1
373,LL,Passive,6,6,1.0,0.4270833333333333,0.5729166666666667,1580.0,5,1
374,HH,Active,6,4,0.6666666666666666,0.20833333333333334,0.45833333333333326,2421.75,0,4
374,HH,Passive,6,4,0.6666666666666666,0.20833333333333334,0.45833333333333326,1845.0,2,2
374,HL,Active,6,3,0.5,0.20833333333333334,0.29166666666666663,2605.0,2,1
374,HL,Passive,6,3,0.5,0.20833333333333334,0.29166666666666663,2106.3333333333335,1,2
374,LH,Active,6,4,0.6666666666666666,0.20833333333333334,0.45833333333333326,1696.5,2,2
374,LH,Passive,6,5,0.8333333333333334,0.20833333333333334,0.625,1594.0,2,3
374,LL,Active,6,3,0.5,0.20833333333333334,0.29166666666666663,1339.0,2,1
374,LL,Passive,6,4,0.6666666666666666,0.20833333333333334,0.45833333333333326,1404.5,1,3
375,HH,Active,6,5,0.8333333333333334,0.09375,0.7395833333333334,2054.6,4,1
375,HH,Passive,6,6,1.0,0.09375,0.90625,1684.8333333333333,2,4
375,HL,Active,6,6,1.0,0.09375,0.90625,1693.8333333333333,5,1
375,HL,Passive,6,5,0.8333333333333334,0.09375,0.7395833333333334,1703.0,5,0
375,LH,Active,6,5,0.8333333333333334,0.09375,0.7395833333333334,1598.2,3,2
375,LH,Passive,6,5,0.8333333333333334,0.09375,0.7395833333333334,1902.0,3,2
375,LL,Active,6,6,1.0,0.09375,0.90625,1617.0,5,1
375,LL,Passive,6,3,0.5,0.09375,0.40625,2388.3333333333335,2,1
377,HH,Active,6,6,1.0,0.21875,0.78125,1938.5,3,3
377,HH,Passive,6,3,0.5,0.21875,0.28125,2329.3333333333335,1,2
377,HL,Active,6,5,0.8333333333333334,0.21875,0.6145833333333334,1685.4,3,2
377,HL,Passive,6,6,1.0,0.21875,0.78125,1993.6666666666667,4,2
377,LH,Active,6,3,0.5,0.21875,0.28125,2239.6666666666665,2,1
377,LH,Passive,6,6,1.0,0.21875,0.78125,1686.5,5,1
377,LL,Active,6,5,0.8333333333333334,0.21875,0.6145833333333334,1781.4,2,3
377,LL,Passive,6,4,0.6666666666666666,0.21875,0.44791666666666663,2240.25,1,3
378,HH,Active,6,6,1.0,0.10416666666666667,0.8958333333333334,1098.0,4,2
378,HH,Passive,6,6,1.0,0.10416666666666667,0.8958333333333334,1172.3333333333333,4,2
378,HL,Active,6,5,0.8333333333333334,0.10416666666666667,0.7291666666666667,1237.4,4,1
378,HL,Passive,6,6,1.0,0.10416666666666667,0.8958333333333334,1181.6666666666667,6,0
378,LH,Active,6,6,1.0,0.10416666666666667,0.8958333333333334,1308.0,4,2
378,LH,Passive,6,6,1.0,0.10416666666666667,0.8958333333333334,1222.0,3,3
378,LL,Active,6,6,1.0,0.10416666666666667,0.8958333333333334,1730.1666666666667,5,1
378,LL,Passive,6,6,1.0,0.10416666666666667,0.8958333333333334,1550.0,5,1
379,HH,Active,6,4,0.6666666666666666,0.13541666666666666,0.53125,1609.0,2,2
379,HH,Passive,6,3,0.5,0.13541666666666666,0.36458333333333337,1674.3333333333333,1,2
379,HL,Active,6,4,0.6666666666666666,0.13541666666666666,0.53125,1915.0,1,3
379,HL,Passive,6,4,0.6666666666666666,0.13541666666666666,0.53125,1696.5,3,1
379,LH,Active,6,3,0.5,0.13541666666666666,0.36458333333333337,1586.6666666666667,2,1
379,LH,Passive,6,4,0.6666666666666666,0.13541666666666666,0.53125,1525.5,3,1
379,LL,Active,6,1,0.16666666666666666,0.13541666666666666,0.03125,1509.0,1,0
379,LL,Passive,6,2,0.3333333333333333,0.13541666666666666,0.19791666666666666,1853.5,1,1
380,HH,Active,6,5,0.8333333333333334,0.052083333333333336,0.78125,1589.4,4,1
380,HH,Passive,6,6,1.0,0.052083333333333336,0.9479166666666666,1825.1666666666667,5,1
380,HL,Active,6,5,0.8333333333333334,0.052083333333333336,0.78125,2003.2,3,2
380,HL,Passive,6,5,0.8333333333333334,0.052083333333333336,0.78125,1849.4,3,2
380,LH,Active,6,6,1.0,0.052083333333333336,0.9479166666666666,1925.6666666666667,3,3
380,LH,Passive,6,6,1.0,0.052083333333333336,0.9479166666666666,1640.0,4,2
380,LL,Active,6,5,0.8333333333333334,0.052083333333333336,0.78125,1996.4,2,3
380,LL,Passive,6,5,0.8333333333333334,0.052083333333333336,0.78125,1809.0,3,2
381,HH,Active,6,6,1.0,0.34375,0.65625,1081.3333333333333,4,2
381,HH,Passive,6,6,1.0,0.34375,0.65625,1235.0,4,2
381,HL,Active,6,6,1.0,0.34375,0.65625,1450.8333333333333,3,3
381,HL,Passive,6,6,1.0,0.34375,0.65625,1517.6666666666667,4,2
381,LH,Active,6,6,1.0,0.34375,0.65625,1620.3333333333333,3,3
381,LH,Passive,6,6,1.0,0.34375,0.65625,1832.5,4,2
381,LL,Active,6,6,1.0,0.34375,0.65625,1262.6666666666667,3,3
381,LL,Passive,6,6,1.0,0.34375,0.65625,1295.3333333333333,4,2
382,HH,Active,6,6,1.0,0.13541666666666666,0.8645833333333334,1244.1666666666667,3,3
382,HH,Passive,6,6,1.0,0.13541666666666666,0.8645833333333334,1746.6666666666667,1,5
382,HL,Active,6,6,1.0,0.13541666666666666,0.8645833333333334,1403.8333333333333,2,4
382,HL,Passive,6,6,1.0,0.13541666666666666,0.8645833333333334,1490.1666666666667,3,3
382,LH,Active,6,5,0.8333333333333334,0.13541666666666666,0.6979166666666667,1702.0,1,4
382,LH,Passive,6,6,1.0,0.13541666666666666,0.8645833333333334,1194.0,1,5
382,LL,Active,6,5,0.8333333333333334,0.13541666666666666,0.6979166666666667,1504.6,1,4
382,LL,Passive,6,5,0.8333333333333334,0.13541666666666666,0.6979166666666667,1527.4,1,4
383,HH,Active,6,5,0.8333333333333334,0.21875,0.6145833333333334,2328.8,2,3
383,HH,Passive,6,6,1.0,0.21875,0.78125,2318.1666666666665,3,3
383,HL,Active,6,6,1.0,0.21875,0.78125,2378.5,3,3
383,HL,Passive,6,5,0.8333333333333334,0.21875,0.6145833333333334,2494.0,2,3
383,LH,Active,6,5,0.8333333333333334,0.21875,0.6145833333333334,2375.0,5,0
383,LH,Passive,6,5,0.8333333333333334,0.21875,0.6145833333333334,1983.6,1,4
383,LL,Active,6,6,1.0,0.21875,0.78125,2053.8333333333335,4,2
383,LL,Passive,6,5,0.8333333333333334,0.21875,0.6145833333333334,2463.4,2,3
384,HH,Active,6,5,0.8333333333333334,0.09375,0.7395833333333334,1385.2,3,2
384,HH,Passive,6,5,0.8333333333333334,0.09375,0.7395833333333334,2471.8,4,1
384,HL,Active,6,5,0.8333333333333334,0.09375,0.7395833333333334,2129.0,3,2
384,HL,Passive,6,5,0.8333333333333334,0.09375,0.7395833333333334,1832.0,4,1
384,LH,Active,6,6,1.0,0.09375,0.90625,1277.3333333333333,5,1
384,LH,Passive,6,6,1.0,0.09375,0.90625,1844.5,3,3
384,LL,Active,6,3,0.5,0.09375,0.40625,1719.3333333333333,3,0
384,LL,Passive,6,6,1.0,0.09375,0.90625,1501.3333333333333,2,4
386,HH,Active,6,4,0.6666666666666666,0.07291666666666667,0.59375,1452.25,3,1
386,HH,Passive,6,4,0.6666666666666666,0.07291666666666667,0.59375,1264.25,1,3
386,HL,Active,6,4,0.6666666666666666,0.07291666666666667,0.59375,2292.75,3,1
386,HL,Passive,6,3,0.5,0.07291666666666667,0.4270833333333333,1141.0,3,0
386,LH,Active,6,4,0.6666666666666666,0.07291666666666667,0.59375,1585.0,3,1
386,LH,Passive,6,4,0.6666666666666666,0.07291666666666667,0.59375,1451.75,3,1
386,LL,Active,6,4,0.6666666666666666,0.07291666666666667,0.59375,1705.25,2,2
386,LL,Passive,6,3,0.5,0.07291666666666667,0.4270833333333333,1994.6666666666667,2,1
390,HH,Active,6,5,0.8333333333333334,0.15625,0.6770833333333334,1971.8,3,2
390,HH,Passive,6,6,1.0,0.15625,0.84375,2408.1666666666665,4,2
390,HL,Active,6,4,0.6666666666666666,0.15625,0.5104166666666666,1938.75,2,2
390,HL,Passive,6,3,0.5,0.15625,0.34375,1961.3333333333333,1,2
390,LH,Active,6,2,0.3333333333333333,0.15625,0.17708333333333331,1999.0,2,0
390,LH,Passive,6,4,0.6666666666666666,0.15625,0.5104166666666666,2100.25,2,2
390,LL,Active,6,3,0.5,0.15625,0.34375,2805.3333333333335,0,3
390,LL,Passive,6,3,0.5,0.15625,0.34375,2227.6666666666665,1,2
391,HH,Active,6,5,0.8333333333333334,0.09375,0.7395833333333334,1517.8,3,2
391,HH,Passive,6,5,0.8333333333333334,0.09375,0.7395833333333334,1880.8,2,3
391,HL,Active,6,6,1.0,0.09375,0.90625,1498.0,2,4
391,HL,Passive,6,4,0.6666666666666666,0.09375,0.5729166666666666,1374.25,2,2
391,LH,Active,6,5,0.8333333333333334,0.09375,0.7395833333333334,1340.6,1,4
391,LH,Passive,6,5,0.8333333333333334,0.09375,0.7395833333333334,1603.8,1,4
391,LL,Active,6,5,0.8333333333333334,0.09375,0.7395833333333334,1570.2,2,3
391,LL,Passive,6,4,0.6666666666666666,0.09375,0.5729166666666666,1801.0,2,2
392,HH,Active,6,5,0.8333333333333334,0.23958333333333334,0.59375,2065.6,5,0
392,HH,Passive,6,6,1.0,0.23958333333333334,0.7604166666666666,1507.3333333333333,3,3
392,HL,Active,6,5,0.8333333333333334,0.23958333333333334,0.59375,1462.4,3,2
392,HL,Passive,6,6,1.0,0.23958333333333334,0.7604166666666666,1800.5,2,4
392,LH,Active,6,5,0.8333333333333334,0.23958333333333334,0.59375,1525.2,4,1
392,LH,Passive,6,6,1.0,0.23958333333333334,0.7604166666666666,1619.0,3,3
392,LL,Active,6,4,0.6666666666666666,0.23958333333333334,0.42708333333333326,1582.75,3,1
392,LL,Passive,6,6,1.0,0.23958333333333334,0.7604166666666666,2024.3333333333333,2,4
395,HH,Active,6,4,0.6666666666666666,0.13541666666666666,0.53125,1829.75,2,2
395,HH,Passive,6,5,0.8333333333333334,0.13541666666666666,0.6979166666666667,2196.2,4,1
395,HL,Active,6,6,1.0,0.13541666666666666,0.8645833333333334,2098.3333333333335,3,3
395,HL,Passive,6,5,0.8333333333333334,0.13541666666666666,0.6979166666666667,2101.4,3,2
395,LH,Active,6,5,0.8333333333333334,0.13541666666666666,0.6979166666666667,2006.6,4,1
395,LH,Passive,6,6,1.0,0.13541666666666666,0.8645833333333334,1611.3333333333333,4,2
395,LL,Active,6,6,1.0,0.13541666666666666,0.8645833333333334,2039.8333333333333,3,3
395,LL,Passive,6,2,0.3333333333333333,0.13541666666666666,0.19791666666666666,1598.5,2,0
396,HH,Active,6,4,0.6666666666666666,0.052083333333333336,0.6145833333333333,1834.5,2,2
396,HH,Passive,6,6,1.0,0.052083333333333336,0.9479166666666666,1526.1666666666667,3,3
396,HL,Active,6,6,1.0,0.052083333333333336,0.9479166666666666,1968.0,3,3
396,HL,Passive,6,6,1.0,0.052083333333333336,0.9479166666666666,1707.8333333333333,3,3
396,LH,Active,6,6,1.0,0.052083333333333336,0.9479166666666666,1405.8333333333333,3,3
396,LH,Passive,6,5,0.8333333333333334,0.052083333333333336,0.78125,1346.6,3,2
396,LL,Active,6,6,1.0,0.052083333333333336,0.9479166666666666,1536.0,3,3
396,LL,Passive,6,5,0.8333333333333334,0.052083333333333336,0.78125,1804.8,3,2
397,HH,Active,6,6,1.0,0.052083333333333336,0.9479166666666666,2004.5,4,2
397,HH,Passive,6,5,0.8333333333333334,0.052083333333333336,0.78125,2360.0,3,2
397,HL,Active,6,6,1.0,0.052083333333333336,0.9479166666666666,1975.8333333333333,5,1
397,HL,Passive,6,5,0.8333333333333334,0.052083333333333336,0.78125,2801.6,3,2
397,LH,Active,6,6,1.0,0.052083333333333336,0.9479166666666666,1823.3333333333333,5,1
397,LH,Passive,6,5,0.8333333333333334,0.052083333333333336,0.78125,1909.0,2,3
397,LL,Active,6,6,1.0,0.052083333333333336,0.9479166666666666,1967.1666666666667,3,3
397,LL,Passive,6,5,0.8333333333333334,0.052083333333333336,0.78125,2375.8,4,1
398,HH,Active,6,6,1.0,0.16666666666666666,0.8333333333333334,1476.8333333333333,5,1
398,HH,Passive,6,6,1.0,0.16666666666666666,0.8333333333333334,1332.1666666666667,5,1
398,HL,Active,6,5,0.8333333333333334,0.16666666666666666,0.6666666666666667,1367.4,5,0
398,HL,Passive,6,6,1.0,0.16666666666666666,0.8333333333333334,1647.3333333333333,5,1
398,LH,Active,6,5,0.8333333333333334,0.16666666666666666,0.6666666666666667,1666.0,4,1
398,LH,Passive,6,6,1.0,0.16666666666666666,0.8333333333333334,1153.6666666666667,5,1
398,LL,Active,6,4,0.6666666666666666,0.16666666666666666,0.5,1345.0,4,0
398,LL,Passive,6,5,0.8333333333333334,0.16666666666666666,0.6666666666666667,1479.2,3,2
